gm,date,tm,h_a,opp,result,r,ra,inn,record,rank,gb,win,loss,save,time,d_n,attendance,c_li,streak,orig_scheduled,year
1,2022-04-07,CHC,H,MIL,W,5,4,NA,1-0,1,Tied,Givens,Ashby,Robertson,03:18:00,D,35112,1,1,NA,2022
2,2022-04-09,CHC,H,MIL,W,9,0,NA,2-0,1,Tied,Steele,Woodruff,NA,03:28:00,D,30369,1.01,2,NA,2022
3,2022-04-10,CHC,H,MIL,L,4,5,NA,2-1,1,Tied,Cousins,Norris,Hader,03:03:00,D,32858,1.07,-1,NA,2022
10,2022-04-18,CHC,H,TBR,W,4,2,NA,6-4,1,Tied,Thompson,Adam,Robertson,02:43:00,N,26615,0.95,2,NA,2022
11,2022-04-19,CHC,H,TBR,L,5,6,NA,6-5,3,1.0,Fleming,Steele,Kittredge,03:09:00,N,26568,0.97,-1,NA,2022
12,2022-04-20,CHC,H,TBR,L,2,8,6,6-6,3,2.0,Beeks,Stroman,NA,02:07:00,N,26167,0.93,-2,NA,2022
13,2022-04-21,CHC,H,PIT,L,3,4,NA,6-7,3,2.0,Crowe,Roberts,Stratton,03:35:00,N,32341,0.97,-3,NA,2022
14,2022-04-22,CHC,H,PIT,L,2,4,NA,6-8,4,3.0,De Jong,Smyly,Stratton,03:08:00,N,25005,0.95,-4,NA,2022
15,2022-04-23,CHC,H,PIT,W,21,0,NA,7-8,3,3.0,Hendricks,Thompson,NA,02:47:00,D,39917,0.88,1,NA,2022
16,2022-04-24,CHC,H,PIT,L,3,4,NA,7-9,4,3.0,Peters,Steele,Bednar,03:37:00,D,28387,0.94,-1,NA,2022
23,2022-05-03,CHC,H,CHW,L,1,3,NA,9-14,4,6.5,López,Effross,Hendriks,03:01:00,N,34206,0.7,-1,NA,2022
24,2022-05-04,CHC,H,CHW,L,3,4,NA,9-15,4,7.5,Giolito,Hendricks,Hendriks,03:05:00,N,36755,0.64,-2,NA,2022
25,2022-07-01,CHC,H,LAD,L,0,7,NA,9-16,4,9.0,Kershaw,Smyly,NA,02:43:00,D,37594,0.59,-3,2022-05-06 (Rain),2022
26,2022-07-02,CHC,H,LAD,L,2,6,NA,9-17,4,9.0,Anderson,Norris,NA,03:05:00,N,31520,0.54,-4,NA,2022
27,2022-05-08,CHC,H,LAD,L,1,7,NA,9-18,4,9.0,Buehler,Steele,NA,02:57:00,N,31424,0.49,-5,NA,2022
34,2022-05-16,CHC,H,PIT,W,9,0,NA,14-20,4,8.0,Miley,Peters,NA,02:29:00,N,31119,0.6,3,NA,2022
35,2022-05-17,CHC,H,PIT,W,7,0,NA,15-20,3,7.0,Thompson,Brubaker,NA,02:38:00,N,30478,0.65,4,NA,2022
36,2022-05-18,CHC,H,PIT,L,2,3,NA,15-21,4,8.0,Keller,Smyly,Bednar,03:02:00,N,31631,0.67,-1,NA,2022
37,2022-05-19,CHC,H,ARI,L,1,3,NA,15-22,4,8.5,Gallen,Stroman,Melancon,03:10:00,N,32631,0.61,-2,NA,2022
38,2022-05-20,CHC,H,ARI,L,6,10,NA,15-23,4,9.5,Castellanos,Hendricks,NA,03:06:00,D,31235,0.54,-3,NA,2022
39,2022-05-21,CHC,H,ARI,L,6,7,10,15-24,4,10.5,Kennedy,Wick,Melancon,03:42:00,D,32269,0.5,-4,NA,2022
40,2022-05-22,CHC,H,ARI,W,5,4,NA,16-24,3,9.5,Thompson,Kennedy,NA,02:43:00,D,32606,0.44,1,NA,2022
47,NA,CHC,H,MIL,L,6,7,NA,19-28,4,12.0,Sánchez,Norris,Hader,03:17:00,D,39305,0.5,-2,2022-04-08 (Rain),2022
48,NA,CHC,H,MIL,L,1,3,NA,19-29,4,12.0,Ashby,Espinoza,Hader,02:52:00,N,28620,0.43,-3,NA,2022
49,2022-05-31,CHC,H,MIL,W,8,7,NA,20-29,4,11.0,Givens,Boxberger,Robertson,03:33:00,N,30596,0.36,1,NA,2022
50,2022-06-01,CHC,H,MIL,W-wo,4,3,10,21-29,4,10.0,Leiter,Milner,NA,03:03:00,N,33398,0.42,2,NA,2022
51,2022-06-02,CHC,H,STL,W,7,5,NA,22-29,4,10.0,Thompson,Liberatore,NA,03:04:00,N,30466,0.46,3,NA,2022
52,2022-06-03,CHC,H,STL,L,5,14,NA,22-30,4,10.0,Mikolas,Stroman,Thompson,03:14:00,D,32482,0.54,-1,NA,2022
53,2022-04-01,CHC,H,STL,W,6,1,NA,23-30,4,9.5,Swarmer,Oviedo,NA,03:05:00,D,32792,0.45,1,NA,2022
54,2022-04-02,CHC,H,STL,L,4,7,10,23-31,4,9.5,Gallegos,Rucker,NA,04:11:00,N,31673,0.49,-1,NA,2022
55,2022-06-05,CHC,H,STL,L,3,5,11,23-32,4,9.5,Cabrera,Norris,NA,03:44:00,N,31424,0.45,-2,NA,2022
60,2022-06-13,CHC,H,SDP,L,1,4,NA,23-37,4,11.0,Darvish,Wick,Rogers,02:45:00,N,31629,0.2,-7,NA,2022
61,2022-06-14,CHC,H,SDP,L,5,12,NA,23-38,4,12.5,Tyler,Effross,NA,03:13:00,N,29233,0.18,-8,NA,2022
62,2022-06-15,CHC,H,SDP,L,5,19,NA,23-39,4,12.5,Stammen,Kilian,NA,03:46:00,N,31570,0.12,-9,NA,2022
63,2022-06-16,CHC,H,SDP,L,4,6,NA,23-40,4,13.0,Musgrove,Swarmer,Rogers,03:03:00,D,30096,0.11,-10,NA,2022
64,2022-06-17,CHC,H,ATL,W,1,0,NA,24-40,4,12.0,Martin,Minter,Robertson,02:40:00,D,35676,0.1,1,NA,2022
65,2022-06-18,CHC,H,ATL,W,6,3,NA,25-40,4,12.0,Steele,Wright,NA,02:55:00,D,40755,0.11,2,NA,2022
66,2022-06-19,CHC,H,ATL,L,0,6,NA,25-41,4,12.0,Anderson,Hendricks,NA,02:41:00,D,40369,0.12,-1,NA,2022
74,2022-06-28,CHC,H,CIN,L,3,5,NA,28-46,4,14.0,Castillo,Thompson,Strickland,03:24:00,N,32732,0.08,-1,NA,2022
75,2022-06-29,CHC,H,CIN,W,8,3,NA,29-46,4,14.0,Steele,Greene,NA,03:22:00,N,28987,0.05,1,NA,2022
76,2022-06-30,CHC,H,CIN,W,15,7,NA,30-46,4,13.0,Hendricks,Ashcraft,NA,03:14:00,N,32318,0.06,2,NA,2022
77,2022-07-01,CHC,H,BOS,W,6,5,NA,31-46,3,13.0,Hughes,Robles,Robertson,03:31:00,D,34931,0.08,3,NA,2022
78,2022-07-02,CHC,H,BOS,W,3,1,NA,32-46,3,12.0,Leiter,Winckowski,Robertson,02:48:00,N,40298,0.09,4,NA,2022
79,2022-07-03,CHC,H,BOS,L,2,4,11,32-47,3,13.0,Diekman,Wick,NA,04:25:00,D,40185,0.1,-1,NA,2022
87,2022-07-12,CHC,H,BAL,L,2,4,NA,34-53,4,14.5,Lyles,Sampson,López,02:54:00,N,31079,0.04,-5,NA,2022
88,2022-07-13,CHC,H,BAL,L,1,7,NA,34-54,4,14.5,Watkins,Steele,NA,03:11:00,N,29529,0.03,-6,NA,2022
89,2022-07-14,CHC,H,NYM,L,0,8,NA,34-55,4,15.5,Carrasco,Thompson,Williams,03:01:00,N,34051,0.03,-7,NA,2022
90,NA,CHC,H,NYM,L,1,2,11,34-56,4,15.5,Ottavino,Givens,Díaz,03:46:00,D,39219,0.02,-8,2022-07-15 (Rain),2022
91,NA,CHC,H,NYM,L,3,4,10,34-57,4,15.5,López,Givens,NA,03:33:00,N,34366,0.02,-9,NA,2022
92,2022-07-17,CHC,H,NYM,W,3,2,NA,35-57,4,14.5,Wick,Smith,Robertson,03:09:00,D,34424,0.01,1,NA,2022
96,2022-07-25,CHC,H,PIT,W,3,2,NA,39-57,4,13.5,Givens,de los Santos,Effross,02:52:00,N,37342,0.03,5,NA,2022
97,2022-07-26,CHC,H,PIT,W,4,2,NA,40-57,3,13.5,Thompson,Wilson,Givens,02:30:00,D,30978,0.04,6,NA,2022
105,2022-08-05,CHC,H,MIA,W,2,1,NA,42-63,4,15.5,Wick,Floro,NA,03:20:00,D,35689,0,1,NA,2022
106,2022-08-06,CHC,H,MIA,W,4,0,NA,43-63,3,15.5,Smyly,López,NA,02:46:00,D,36787,0,2,NA,2022
107,2022-08-07,CHC,H,MIA,L,0,3,NA,43-64,5,16.5,Luzardo,Sampson,Scott,02:36:00,D,30177,0.01,-1,NA,2022
108,2022-08-08,CHC,H,WSN,W,6,3,NA,44-64,3,16.0,Thompson,Sánchez,Wick,02:48:00,N,30904,0,1,NA,2022
109,2022-08-09,CHC,H,WSN,L,5,6,NA,44-65,3,16.0,Finnegan,Leiter,Edwards,03:17:00,N,37193,0.01,-1,NA,2022
110,2022-08-10,CHC,H,WSN,W,4,2,NA,45-65,3,16.0,Rucker,Cishek,Wick,02:45:00,D,29019,0,1,NA,2022
118,2022-08-19,CHC,H,MIL,W,8,7,NA,51-67,3,16.0,Rucker,Milner,Hughes,02:54:00,D,39962,0.01,4,NA,2022
119,2022-08-20,CHC,H,MIL,W-wo,6,5,11,52-67,3,16.0,Uelmen,Strzelecki,NA,03:51:00,D,35994,0.01,5,NA,2022
120,2022-08-21,CHC,H,MIL,L,2,5,NA,52-68,3,17.0,Suter,Wick,Rogers,03:04:00,D,34525,0.01,-1,NA,2022
121,2022-08-22,CHC,H,STL,L,0,1,NA,52-69,3,18.0,Montgomery,Smyly,NA,02:16:00,N,29719,0,-2,NA,2022
122,NA,CHC,H,STL,W,2,0,NA,53-69,3,18.0,Rucker,Wainwright,Hughes,03:09:00,D,27273,0,1,NA,2022
123,NA,CHC,H,STL,L,3,13,NA,53-70,3,18.0,Woodford,Sampson,NA,03:15:00,N,28163,0,-1,NA,2022
124,2022-08-24,CHC,H,STL,W,7,1,NA,54-70,3,17.0,Wick,Mikolas,NA,02:46:00,N,32012,0,1,NA,2022
125,2022-08-25,CHC,H,STL,L,3,8,NA,54-71,3,18.0,Hudson,Stroman,NA,02:52:00,D,28803,0,-1,NA,2022
135,2022-09-06,CHC,H,CIN,W,9,3,NA,57-78,3,22.5,Wesneski,Gibaut,NA,03:08:00,N,27600,0,1,NA,2022
136,2022-09-07,CHC,H,CIN,L,1,7,NA,57-79,3,23.5,Minor,Assad,NA,02:54:00,N,27945,0,-1,NA,2022
137,2022-09-08,CHC,H,CIN,L,3,4,NA,57-80,3,23.5,Díaz,Leiter,Gibaut,03:14:00,D,23910,0,-2,NA,2022
138,2022-09-09,CHC,H,SFG,W,4,2,NA,58-80,3,22.5,Smyly,Rodón,Hughes,02:52:00,D,31309,0,1,NA,2022
139,2022-09-10,CHC,H,SFG,L,2,5,NA,58-81,3,23.5,Webb,Stroman,Doval,02:43:00,D,40086,0,-1,NA,2022
140,2022-09-11,CHC,H,SFG,L,2,4,NA,58-82,3,24.5,Littell,Wesneski,Doval,03:21:00,N,30004,0,-2,NA,2022
144,2022-09-16,CHC,H,COL,W,2,1,NA,62-82,3,22.5,Stroman,Márquez,Rodríguez,02:10:00,D,31775,0,4,NA,2022
145,2022-09-17,CHC,H,COL,L,1,3,NA,62-83,3,24.0,Estévez,Alzolay,Bard,02:48:00,D,34530,0,-1,NA,2022
146,2022-09-18,CHC,H,COL,L,3,4,NA,62-84,3,24.0,Feltner,Assad,Bard,03:07:00,D,35627,0,-2,NA,2022
154,2022-09-27,CHC,H,PHI,W,2,1,NA,68-86,3,21.5,Stroman,Brogdon,Rodríguez,02:15:00,N,32069,0,2,NA,2022
155,2022-09-28,CHC,H,PHI,W,4,2,NA,69-86,3,20.5,Wesneski,Nola,Rodríguez,02:59:00,N,29368,0,3,NA,2022
156,2022-09-29,CHC,H,PHI,W,2,0,NA,70-86,3,20.0,Assad,Suarez,Thompson,02:55:00,D,23425,0,4,NA,2022
157,2022-09-30,CHC,H,CIN,W,6,1,NA,71-86,3,20.0,Sampson,Ashcraft,NA,02:29:00,D,24297,0,5,NA,2022
158,2022-10-01,CHC,H,CIN,W,2,1,NA,72-86,3,20.0,Miley,Law,Hughes,02:32:00,D,31256,0,6,NA,2022
159,2022-10-02,CHC,H,CIN,W,8,1,NA,73-86,3,19.0,Stroman,Anderson,NA,02:53:00,D,30029,0,7,NA,2022
1,2023-03-30,CHC,H,MIL,W,4,0,NA,1-0,1,Tied,Stroman,Burnes,NA,02:21:00,D,36054,1.01,1,NA,2023
2,2023-04-01,CHC,H,MIL,L,1,3,NA,1-1,1,Tied,Strzelecki,Assad,Williams,02:32:00,D,31363,1.05,-1,NA,2023
3,2023-04-02,CHC,H,MIL,L,5,9,NA,1-2,4,1.0,Lauer,Taillon,NA,02:57:00,D,33266,0.99,-2,NA,2023
6,2023-04-07,CHC,H,TEX,W,2,0,NA,3-3,3,2.5,Stroman,Eovaldi,Fulmer,02:17:00,D,29094,0.87,2,NA,2023
7,2023-04-08,CHC,H,TEX,W,10,3,NA,4-3,3,1.5,Steele,Pérez,NA,02:55:00,D,33578,0.93,3,NA,2023
8,2023-04-09,CHC,H,TEX,L,2,8,NA,4-4,3,2.5,Gray,Taillon,NA,02:31:00,D,28807,0.99,-1,NA,2023
9,2023-04-10,CHC,H,SEA,W-wo,3,2,10,5-4,3,1.5,Thompson,Brash,NA,02:38:00,N,26766,0.89,1,NA,2023
10,2023-04-11,CHC,H,SEA,W,14,9,NA,6-4,3,1.5,Rucker,Flexen,NA,03:02:00,N,30081,0.96,2,NA,2023
11,2023-04-12,CHC,H,SEA,L,2,5,NA,6-5,3,1.5,Gilbert,Stroman,NA,02:31:00,D,26944,0.99,-1,NA,2023
18,2023-04-20,CHC,H,LAD,L,2,6,NA,11-7,3,2.5,Ferguson,Fulmer,NA,02:53:00,N,32817,1.1,-1,NA,2023
19,2023-04-21,CHC,H,LAD,W,13,0,NA,12-7,3,1.5,Smyly,Urías,NA,02:39:00,D,30381,1.07,1,NA,2023
20,2023-04-22,CHC,H,LAD,L,4,9,NA,12-8,3,2.5,May,Wesneski,NA,02:55:00,D,35076,1.09,-1,NA,2023
21,2023-04-23,CHC,H,LAD,L,3,7,NA,12-9,3,3.0,Kershaw,Stroman,Graterol,02:22:00,D,33494,1.1,-2,NA,2023
22,2023-04-25,CHC,H,SDP,W,6,0,NA,13-9,3,2.0,Steele,Snell,NA,02:52:00,N,27956,1.04,1,NA,2023
23,2023-04-26,CHC,H,SDP,L,3,5,NA,13-10,3,3.0,Martinez,Hughes,Hader,02:47:00,N,28955,1.12,-1,NA,2023
24,2023-04-27,CHC,H,SDP,W,5,2,NA,14-10,3,3.0,Wesneski,Lugo,Boxberger,02:30:00,D,26588,1.06,1,NA,2023
32,2023-05-05,CHC,H,MIA,W,4,1,NA,16-16,3,3.5,Steele,Cabrera,Leiter,02:09:00,D,31181,0.92,1,NA,2023
33,2023-05-06,CHC,H,MIA,W,4,2,NA,17-16,3,2.5,Thompson,Puk,Alzolay,02:45:00,D,36418,1.04,2,NA,2023
34,2023-05-07,CHC,H,MIA,L,4,5,14,17-17,3,2.5,Okert,Alzolay,Nardi,03:49:00,D,38196,1.04,-1,NA,2023
35,2023-05-08,CHC,H,STL,L,1,3,NA,17-18,3,3.5,Cabrera,Stroman,Helsley,02:57:00,N,30937,1.02,-2,NA,2023
36,2023-05-09,CHC,H,STL,L,4,6,NA,17-19,3,3.5,Stratton,Assad,Gallegos,03:00:00,N,32693,0.93,-3,NA,2023
37,2023-05-10,CHC,H,STL,W,10,4,NA,18-19,3,2.5,Steele,Montgomery,NA,02:31:00,N,36413,0.87,1,NA,2023
47,2023-05-23,CHC,H,NYM,W,7,2,NA,21-26,3,4.5,Smyly,Megill,NA,02:46:00,N,35958,0.74,1,NA,2023
48,2023-05-24,CHC,H,NYM,W,4,2,NA,22-26,3,4.5,Stroman,Senga,Leiter,02:19:00,N,33636,0.81,2,NA,2023
49,2023-05-25,CHC,H,NYM,L,1,10,NA,22-27,3,4.5,Carrasco,Hendricks,NA,02:43:00,N,35446,0.85,-1,NA,2023
50,2023-05-26,CHC,H,CIN,L,0,9,NA,22-28,3,4.5,Greene,Steele,NA,02:41:00,D,31946,0.76,-2,NA,2023
51,2023-05-27,CHC,H,CIN,L,5,8,NA,22-29,5,4.5,Farmer,Fulmer,Díaz,02:57:00,N,36372,0.69,-3,NA,2023
52,2023-05-28,CHC,H,CIN,L,5,8,NA,22-30,5,5.5,Ashcraft,Smyly,Díaz,03:15:00,D,40551,0.65,-4,NA,2023
53,2023-05-29,CHC,H,TBR,W,1,0,NA,23-30,4,5.0,Stroman,Bradley,NA,02:05:00,D,38163,0.55,1,NA,2023
54,2023-05-30,CHC,H,TBR,W,2,1,NA,24-30,4,4.0,Merryweather,McClanahan,Alzolay,02:20:00,N,31762,0.6,2,NA,2023
55,2023-05-31,CHC,H,TBR,L,3,4,NA,24-31,4,5.0,Poche,Leiter,Beeks,02:53:00,D,29360,0.7,-1,NA,2023
66,2023-06-13,CHC,H,PIT,W,11,3,NA,29-37,4,5.5,Taillon,Ortiz,NA,02:41:00,N,33740,0.54,1,NA,2023
67,2023-06-14,CHC,H,PIT,W,10,6,NA,30-37,4,4.5,Smyly,Contreras,NA,02:49:00,N,30832,0.6,2,NA,2023
68,2023-06-15,CHC,H,PIT,W,7,2,NA,31-37,4,3.5,Stroman,Oviedo,NA,02:46:00,N,32881,0.67,3,NA,2023
69,2023-06-16,CHC,H,BAL,W,10,3,NA,32-37,4,3.0,Hendricks,Irvin,NA,02:46:00,D,37515,0.64,4,NA,2023
70,2023-06-17,CHC,H,BAL,W,3,2,NA,33-37,4,3.0,Steele,Gibson,Alzolay,02:32:00,D,40605,0.68,5,NA,2023
71,2023-06-18,CHC,H,BAL,L,3,6,NA,33-38,4,4.0,Kremer,Taillon,Bautista,02:46:00,D,40121,0.7,-1,NA,2023
77,2023-06-27,CHC,H,PHI,L,1,5,NA,37-40,3,3.5,Suarez,Taillon,NA,02:24:00,N,37072,0.84,-2,NA,2023
78,2023-06-28,CHC,H,PHI,L,5,8,NA,37-41,3,4.5,Nola,Smyly,NA,03:00:00,N,32379,0.72,-3,NA,2023
79,2023-06-29,CHC,H,PHI,L,1,3,NA,37-42,4,5.0,Walker,Hendricks,Kimbrel,02:11:00,N,35090,0.62,-4,NA,2023
80,2023-06-30,CHC,H,CLE,W,10,1,NA,38-42,4,5.0,Steele,Quantrill,NA,02:36:00,D,32230,0.5,1,NA,2023
81,2023-07-01,CHC,H,CLE,L,0,6,NA,38-43,4,5.0,Bibee,Stroman,NA,02:53:00,N,34342,0.53,-1,NA,2023
82,2023-07-02,CHC,H,CLE,L,6,8,10,38-44,4,6.0,Hentges,Alzolay,NA,02:58:00,D,38392,0.48,-2,NA,2023
90,2023-07-14,CHC,H,BOS,L,3,8,NA,42-48,3,7.0,Bello,Hendricks,Jansen,02:47:00,N,37597,0.41,-1,NA,2023
91,2023-07-15,CHC,H,BOS,W,10,4,NA,43-48,3,7.0,Stroman,Paxton,NA,02:35:00,D,40224,0.34,1,NA,2023
92,2023-07-16,CHC,H,BOS,L,5,11,NA,43-49,3,8.0,Crawford,Steele,NA,02:39:00,D,37812,0.41,-1,NA,2023
93,2023-07-17,CHC,H,WSN,L,5,7,NA,43-50,3,8.5,Gore,Smyly,Finnegan,02:44:00,N,29383,0.34,-2,NA,2023
94,2023-07-18,CHC,H,WSN,W,17,3,NA,44-50,3,7.5,Fulmer,Willingham,NA,02:50:00,N,28636,0.32,1,NA,2023
95,2023-07-19,CHC,H,WSN,W,8,3,NA,45-50,3,7.5,Merryweather,Thompson,NA,02:55:00,N,28197,0.36,2,NA,2023
96,2023-07-20,CHC,H,STL,L,2,7,NA,45-51,3,8.5,Matz,Stroman,NA,02:58:00,N,34251,0.39,-1,NA,2023
97,2023-07-21,CHC,H,STL,W,4,3,NA,46-51,3,7.5,Steele,Flaherty,Alzolay,02:48:00,D,38819,0.3,1,NA,2023
98,2023-07-22,CHC,H,STL,W,8,6,NA,47-51,3,7.5,Palencia,Thompson,Alzolay,03:15:00,D,40425,0.4,2,NA,2023
99,2023-07-23,CHC,H,STL,W,7,2,NA,48-51,3,6.5,Taillon,Montgomery,NA,02:33:00,D,38223,0.45,3,NA,2023
106,2023-07-31,CHC,H,CIN,L,5,6,NA,53-53,3,5.0,Farmer,Stroman,Díaz,02:51:00,N,34688,1.09,-2,NA,2023
107,2023-08-01,CHC,H,CIN,W,20,9,NA,54-53,3,4.0,Steele,Lively,NA,02:54:00,N,33452,0.98,1,NA,2023
108,2023-08-02,CHC,H,CIN,W,16,6,NA,55-53,3,3.0,Fulmer,Farmer,NA,02:55:00,N,33991,1.06,2,NA,2023
109,2023-08-03,CHC,H,CIN,W,5,3,NA,56-53,3,2.5,Taillon,Weaver,Alzolay,02:43:00,N,35615,1.16,3,NA,2023
110,2023-08-04,CHC,H,ATL,L,0,8,NA,56-54,3,2.5,Fried,Hendricks,NA,02:09:00,D,36225,1.06,-1,NA,2023
111,2023-08-05,CHC,H,ATL,W,8,6,NA,57-54,3,2.5,Fulmer,Elder,NA,03:10:00,D,40201,1.02,1,NA,2023
112,2023-08-06,CHC,H,ATL,W,6,4,NA,58-54,2,1.5,Steele,Morton,Alzolay,02:52:00,D,39015,1.09,2,NA,2023
119,2023-08-15,CHC,H,CHW,L,3,5,NA,61-58,2,3.5,Ramsey,Merryweather,Santos,02:42:00,N,40389,1.1,-2,NA,2023
120,2023-08-16,CHC,H,CHW,W-wo,4,3,NA,62-58,2,2.5,Smyly,Santos,NA,02:27:00,N,40869,1.07,1,NA,2023
121,2023-08-18,CHC,H,KCR,L,3,4,NA,62-59,3,3.0,Ragans,Taillon,Hernández,02:43:00,D,37936,1.08,-1,NA,2023
122,2023-08-19,CHC,H,KCR,W,6,4,NA,63-59,2,3.0,Steele,Singer,Alzolay,02:34:00,D,39525,1.01,1,NA,2023
123,2023-08-20,CHC,H,KCR,W,4,3,NA,64-59,2,3.0,Hendricks,Lyles,Alzolay,02:02:00,D,36949,1.1,2,NA,2023
131,2023-08-28,CHC,H,MIL,L,2,6,NA,69-62,2,5.0,Miley,Taillon,NA,02:18:00,N,35097,1.23,-1,NA,2023
132,2023-08-29,CHC,H,MIL,W,1,0,NA,70-62,2,4.0,Steele,Burnes,Alzolay,02:30:00,N,33294,1.23,1,NA,2023
133,2023-08-30,CHC,H,MIL,W,3,2,NA,71-62,2,3.0,Alzolay,Payamps,NA,02:31:00,D,31769,1.2,2,NA,2023
138,2023-09-04,CHC,H,SFG,W,5,0,NA,74-64,2,2.5,Steele,Webb,NA,01:59:00,D,39452,1.28,2,NA,2023
139,2023-09-05,CHC,H,SFG,W,11,8,NA,75-64,2,2.5,Smyly,Jackson,NA,03:11:00,N,28684,1.18,3,NA,2023
140,2023-09-06,CHC,H,SFG,W,8,2,NA,76-64,2,1.5,Wicks,Wood,NA,02:18:00,D,27443,1.05,4,NA,2023
141,2023-09-07,CHC,H,ARI,L,2,6,NA,76-65,2,2.0,Nelson,Assad,Sewald,02:34:00,N,28814,1.09,-1,NA,2023
142,2023-09-08,CHC,H,ARI,L,0,1,NA,76-66,2,3.0,Gallen,Cuas,NA,02:16:00,D,31846,1.25,-2,NA,2023
143,2023-09-09,CHC,H,ARI,L,2,3,10,76-67,2,4.0,Ginkel,Palencia,Sewald,03:12:00,D,40391,1.5,-3,NA,2023
144,2023-09-10,CHC,H,ARI,W,5,2,NA,77-67,2,3.0,Hendricks,Mantiply,Merryweather,02:17:00,D,35431,1.55,1,NA,2023
151,2023-09-19,CHC,H,PIT,W,14,1,NA,79-72,2,6.0,Assad,Falter,NA,02:38:00,N,34202,1.76,1,NA,2023
152,2023-09-20,CHC,H,PIT,L,7,13,NA,79-73,2,7.0,Keller,Steele,NA,02:58:00,N,31491,1.91,-1,NA,2023
153,2023-09-21,CHC,H,PIT,L,6,8,NA,79-74,2,8.0,Oviedo,Hendricks,NA,03:02:00,N,31544,1.89,-2,NA,2023
154,2023-09-22,CHC,H,COL,W,6,0,NA,80-74,2,8.0,Taillon,Davis,NA,02:38:00,D,32150,1.74,1,NA,2023
155,2023-09-23,CHC,H,COL,W,6,3,NA,81-74,2,7.0,Assad,Mears,Cuas,02:55:00,D,38608,2.05,2,NA,2023
156,2023-09-24,CHC,H,COL,W,4,3,NA,82-74,2,6.0,Wicks,Blach,Merryweather,02:31:00,D,37060,2.03,3,NA,2023
4,2024-04-01,CHC,H,COL,W,5,0,NA,2-2,4,2.5,Imanaga,Hudson,NA,02:26:00,D,40072,0.9,2,NA,2024
5,2024-04-02,CHC,H,COL,W,12,2,NA,3-2,3,2.0,Assad,Freeland,NA,02:37:00,N,26555,0.89,3,NA,2024
6,2024-04-03,CHC,H,COL,W,9,8,NA,4-2,3,1.0,Alzolay,Mears,NA,03:00:00,N,25900,0.95,4,NA,2024
7,2024-04-05,CHC,H,LAD,W,9,7,NA,5-2,3,0.5,Smyly,Miller,Alzolay,02:57:00,D,34981,0.98,5,NA,2024
8,2024-04-06,CHC,H,LAD,L,1,4,NA,5-3,3,1.5,Yamamoto,Wicks,NA,02:45:00,D,41040,1.02,-1,NA,2024
9,2024-04-07,CHC,H,LAD,W,8,1,NA,6-3,3,1.5,Almonte,Stone,Palencia,02:32:00,D,38322,1.01,1,NA,2024
19,2024-04-19,CHC,H,MIA,W,8,3,NA,12-7,2,0.5,Taillon,Puk,NA,02:25:00,D,29595,1.07,2,NA,2024
20,NA,CHC,H,MIA,L,2,3,NA,12-8,2,1.0,Faucher,Alzolay,Scott,02:38:00,D,36379,1.1,-1,NA,2024
21,NA,CHC,H,MIA,W,5,3,NA,13-8,2,1.0,Imanaga,Bender,Neris,02:22:00,N,32386,1.08,1,NA,2024
22,2024-04-21,CHC,H,MIA,L,3,6,NA,13-9,2,2.0,Cabrera,Hendricks,Scott,02:34:00,D,36067,1.1,-1,NA,2024
23,2024-04-23,CHC,H,HOU,W,7,2,NA,14-9,2,0.5,Wicks,France,Almonte,02:37:00,N,30643,1.04,1,NA,2024
24,2024-04-24,CHC,H,HOU,W,4,3,NA,15-9,2,0.5,Taillon,Arrighetti,Neris,02:45:00,N,32327,1.09,2,NA,2024
25,2024-04-25,CHC,H,HOU,W,3,1,NA,16-9,2,0.5,Wesneski,Montero,Neris,02:43:00,D,29876,1.06,3,NA,2024
33,2024-05-03,CHC,H,MIL,L,1,3,NA,19-14,2,2.0,Peguero,Alzolay,Megill,02:37:00,D,33557,1.32,-2,NA,2024
34,2024-05-04,CHC,H,MIL,W,6,5,NA,20-14,2,1.0,Taillon,Myers,Neris,02:30:00,D,40505,1.34,1,NA,2024
35,2024-05-05,CHC,H,MIL,W,5,0,NA,21-14,1,Tied,Assad,Peralta,NA,02:23:00,D,39299,1.3,2,NA,2024
36,2024-05-06,CHC,H,SDP,L,3,6,NA,21-15,1,Tied,Darvish,Lovelady,Suarez,03:01:00,N,35560,1.25,-1,NA,2024
37,2024-05-07,CHC,H,SDP,W-wo,3,2,NA,22-15,1,Tied,Neris,De Los Santos,NA,02:31:00,N,38133,1.24,1,NA,2024
38,2024-05-08,CHC,H,SDP,L,0,3,NA,22-16,1,Tied,Cease,Wesneski,Suarez,02:29:00,D,30138,1.22,-1,NA,2024
45,2024-05-16,CHC,H,PIT,L,4,5,NA,25-20,2,2.0,Jones,Steele,Bednar,02:27:00,N,36202,1.21,-1,NA,2024
46,2024-05-17,CHC,H,PIT,L,3,9,NA,25-21,2,2.0,Skenes,Hendricks,NA,02:57:00,D,35372,1.22,-2,NA,2024
47,2024-05-18,CHC,H,PIT,W-wo,1,0,NA,26-21,2,2.0,Neris,Bednar,NA,02:10:00,D,39857,1.23,1,NA,2024
48,2024-05-19,CHC,H,PIT,L,2,3,NA,26-22,2,2.0,Keller,Taillon,Bednar,02:45:00,D,39008,1.2,-1,NA,2024
49,2024-05-21,CHC,H,ATL,W-wo,4,3,10,27-22,2,1.5,Little,Bummer,NA,03:14:00,N,36121,1.15,1,NA,2024
50,2024-05-22,CHC,H,ATL,L,2,9,NA,27-23,2,1.5,Fried,Steele,NA,02:08:00,N,37584,1.24,-1,NA,2024
51,2024-05-23,CHC,H,ATL,L,0,3,NA,27-24,2,2.0,Lee,Wesneski,Iglesias,02:34:00,D,35646,1.18,-2,NA,2024
58,2024-05-31,CHC,H,CIN,L,4,5,NA,28-30,3,6.5,Cruz,Smyly,Díaz,03:05:00,D,36281,0.89,-3,NA,2024
59,2024-06-01,CHC,H,CIN,W,7,5,NA,29-30,2,6.5,Leiter,Sims,Neris,02:46:00,N,36430,0.87,1,NA,2024
60,2024-06-02,CHC,H,CIN,L,2,5,NA,29-31,3,7.5,Lodolo,Brown,Díaz,02:24:00,D,38129,0.9,-1,NA,2024
61,2024-06-04,CHC,H,CHW,W,7,6,NA,30-31,2,6.0,Little,Leasure,Neris,02:28:00,N,38397,0.82,1,NA,2024
62,2024-06-05,CHC,H,CHW,W-wo,7,6,NA,31-31,2,5.0,Neris,Kopech,NA,02:55:00,N,40073,0.87,2,NA,2024
70,2024-06-14,CHC,H,STL,L,0,3,NA,33-37,5,7.5,Gibson,Wesneski,Helsley,02:28:00,D,40160,0.84,-2,NA,2024
71,2024-06-15,CHC,H,STL,W,5,1,NA,34-37,4,7.5,Imanaga,Pallante,NA,02:30:00,D,40088,0.73,1,NA,2024
72,2024-06-16,CHC,H,STL,L,1,2,NA,34-38,5,8.5,Mikolas,Taillon,Helsley,02:48:00,D,39118,0.84,-1,NA,2024
73,2024-06-17,CHC,H,SFG,L,6,7,NA,34-39,5,8.5,Miller,Neris,Doval,03:06:00,N,36048,0.69,-2,NA,2024
74,2024-06-18,CHC,H,SFG,W,5,2,NA,35-39,5,8.5,Miller,Rogers,Thompson,02:10:00,N,36297,0.63,1,NA,2024
75,2024-06-19,CHC,H,SFG,W,6,5,NA,36-39,4,8.5,Hendricks,Bivens,Brewer,02:45:00,D,37673,0.68,2,NA,2024
76,2024-06-21,CHC,H,NYM,L,1,11,NA,36-40,5,8.0,Quintana,Imanaga,NA,03:03:00,D,37037,0.71,-1,NA,2024
77,2024-06-22,CHC,H,NYM,W,8,1,NA,37-40,4,7.0,Taillon,Megill,NA,02:30:00,D,39319,0.66,1,NA,2024
78,2024-06-23,CHC,H,NYM,L,2,5,NA,37-41,4,8.0,Severino,Assad,Diekman,03:10:00,N,39417,0.71,-1,NA,2024
86,2024-07-02,CHC,H,PHI,L,4,6,NA,39-47,5,12.0,Mercado,Wesneski,Hoffman,02:27:00,N,38670,0.37,-2,NA,2024
87,2024-07-03,CHC,H,PHI,L,3,5,NA,39-48,5,13.0,Strahm,Miller,Alvarado,02:43:00,N,36692,0.32,-3,NA,2024
88,2024-07-04,CHC,H,PHI,W,10,2,NA,40-48,5,12.0,Taillon,Sánchez,NA,02:23:00,D,40143,0.26,1,NA,2024
89,2024-07-05,CHC,H,LAA,W,5,1,NA,41-48,5,11.0,Steele,Canning,NA,02:07:00,D,36948,0.27,2,NA,2024
90,2024-07-06,CHC,H,LAA,L,0,7,NA,41-49,5,11.0,Anderson,Hendricks,NA,02:29:00,D,36420,0.34,-1,NA,2024
91,2024-07-07,CHC,H,LAA,W,5,0,NA,42-49,5,11.0,Wesneski,Soriano,Neris,02:18:00,D,34355,0.3,1,NA,2024
99,2024-07-19,CHC,H,ARI,L,2,5,NA,47-52,5,9.0,Nelson,Steele,Sewald,02:54:00,D,40691,0.59,-1,NA,2024
100,2024-07-20,CHC,H,ARI,L,0,3,NA,47-53,5,10.0,Gallen,Hendricks,Sewald,02:46:00,N,39595,0.52,-2,NA,2024
101,2024-07-21,CHC,H,ARI,W-wo,2,1,10,48-53,4,10.0,Neris,Mantiply,NA,02:30:00,D,39162,0.39,1,NA,2024
102,2024-07-22,CHC,H,MIL,W,3,1,NA,49-53,4,9.0,Smyly,Myers,Neris,02:30:00,N,35741,0.44,2,NA,2024
103,2024-07-23,CHC,H,MIL,L,0,1,NA,49-54,4,10.0,Peguero,Taillon,Megill,02:37:00,N,37651,0.51,-1,NA,2024
104,2024-07-24,CHC,H,MIL,L,2,3,NA,49-55,5,11.0,Junis,Neris,Payamps,02:34:00,D,37679,0.37,-2,NA,2024
111,2024-08-01,CHC,H,STL,W-wo,5,4,NA,53-58,5,9.5,Pearson,Helsley,NA,02:35:00,N,37969,0.25,2,NA,2024
112,2024-08-02,CHC,H,STL,W,6,3,NA,54-58,4,9.5,Miller,Fedde,Neris,02:42:00,D,37613,0.29,3,NA,2024
113,2024-08-03,CHC,H,STL,L,4,5,NA,54-59,5,9.5,Romero,Neris,Helsley,02:21:00,D,40073,0.37,-1,NA,2024
114,2024-08-04,CHC,H,STL,W,6,2,NA,55-59,4,8.5,Steele,Mikolas,NA,02:30:00,N,34593,0.29,1,NA,2024
115,2024-08-05,CHC,H,MIN,L,0,3,NA,55-60,5,9.0,Festa,Hendricks,Jax,02:16:00,N,35382,0.33,-1,NA,2024
116,2024-08-06,CHC,H,MIN,W,7,3,NA,56-60,5,9.0,Imanaga,López,NA,02:18:00,N,36653,0.24,1,NA,2024
117,2024-08-07,CHC,H,MIN,W,8,2,NA,57-60,4,9.0,López,Richards,NA,02:44:00,D,35059,0.29,2,NA,2024
123,2024-08-16,CHC,H,TOR,W-wo,6,5,10,60-63,4,10.5,Miller,Green,NA,02:53:00,D,39614,0.21,1,NA,2024
124,2024-08-17,CHC,H,TOR,W,3,2,NA,61-63,3,10.5,Pearson,Bassitt,López,02:31:00,D,38755,0.25,2,NA,2024
125,2024-08-18,CHC,H,TOR,L,0,1,NA,61-64,3,11.5,Francis,Imanaga,Green,02:32:00,D,36117,0.28,-1,NA,2024
126,2024-08-20,CHC,H,DET,W,3,1,NA,62-64,2,11.5,Assad,Sammons,Hodge,02:25:00,N,31119,0.18,1,NA,2024
127,2024-08-21,CHC,H,DET,L,2,8,NA,62-65,3,11.5,Hurter,Taillon,NA,02:38:00,N,31940,0.23,-1,NA,2024
128,2024-08-22,CHC,H,DET,W,10,2,NA,63-65,3,10.5,Steele,Maeda,NA,02:13:00,D,33536,0.15,1,NA,2024
138,2024-09-02,CHC,H,PIT,L,3,5,NA,71-67,2,10.0,Beeks,López,Santana,02:18:00,N,33583,0.55,-1,NA,2024
139,2024-09-03,CHC,H,PIT,L,0,5,NA,71-68,2,10.0,Skenes,Hendricks,NA,02:30:00,N,29450,0.42,-2,NA,2024
140,2024-09-04,CHC,H,PIT,W,12,0,NA,72-68,2,9.0,Imanaga,Germán,NA,02:10:00,N,30369,0.21,1,NA,2024
141,2024-09-06,CHC,H,NYY,L,0,3,NA,72-69,2,9.0,Gil,Wicks,Weaver,02:42:00,D,40101,0.25,-1,NA,2024
142,2024-09-07,CHC,H,NYY,L,0,2,NA,72-70,2,10.0,Cortés,Assad,NA,02:34:00,D,40080,0.13,-2,NA,2024
143,2024-09-08,CHC,H,NYY,W,2,1,NA,73-70,2,9.0,Taillon,Cole,Hodge,02:18:00,D,39364,0.09,1,NA,2024
150,2024-09-16,CHC,H,OAK,W,9,2,NA,77-73,2,10.0,Imanaga,Estes,NA,02:33:00,N,34532,0.03,2,NA,2024
151,2024-09-17,CHC,H,OAK,L,3,4,NA,77-74,2,10.0,Spence,Wicks,Miller,02:48:00,N,32718,0.05,-1,NA,2024
152,2024-09-18,CHC,H,OAK,L,3,5,NA,77-75,2,11.0,Ferguson,Pearson,Miller,02:40:00,D,27806,0.02,-2,NA,2024
153,2024-09-19,CHC,H,WSN,W,7,6,NA,78-75,2,10.0,Roberts,Garcia,Hodge,02:51:00,N,31479,0,1,NA,2024
154,2024-09-20,CHC,H,WSN,W,3,1,NA,79-75,2,9.0,Taillon,Williams,Hodge,02:19:00,D,29590,0,2,NA,2024
155,2024-09-21,CHC,H,WSN,L,1,5,NA,79-76,2,9.0,Gore,Hendricks,NA,02:23:00,D,38819,0,-1,NA,2024
156,2024-09-22,CHC,H,WSN,W,5,0,NA,80-76,2,9.0,Imanaga,Irvin,NA,02:34:00,D,30086,0,1,NA,2024
160,2024-09-27,CHC,H,CIN,W,1,0,NA,82-78,2,10.0,Taillon,Martinez,Hodge,01:48:00,D,32083,0,1,NA,2024
161,2024-09-28,CHC,H,CIN,W,3,0,NA,83-78,2,10.0,Miller,Farmer,Hodge,02:13:00,D,38180,0,2,NA,2024
162,2024-09-29,CHC,H,CIN,L,0,3,10,83-79,2,10.0,Santillan,Roberts,Farmer,03:01:00,D,33792,0,-1,NA,2024
1,2025-03-18,CHC,H,LAD,L,1,4,NA,0-1,5,0.5,Yamamoto,Brown,Scott,02:38:00,N,42365,0.96,-1,NA,2025
2,2025-03-19,CHC,H,LAD,L,3,6,NA,0-2,5,1.0,Knack,Steele,Vesia,02:45:00,N,42367,0.89,-2,NA,2025
10,2025-04-04,CHC,H,SDP,W,3,1,NA,6-4,1,up 0.5,Imanaga,Vásquez,Pressly,02:38:00,D,40244,1.01,4,NA,2025
11,2025-04-05,CHC,H,SDP,W,7,1,NA,7-4,1,up 1.0,Boyd,Pivetta,NA,02:47:00,D,35391,1.09,5,NA,2025
12,2025-04-06,CHC,H,SDP,L,7,8,NA,7-5,1,up 1.0,Adam,Pressly,Suarez,03:16:00,D,33941,1.1,-1,NA,2025
13,2025-04-07,CHC,H,TEX,W,7,0,NA,8-5,1,up 1.5,Steele,Eovaldi,NA,02:13:00,N,27017,0.99,1,NA,2025
14,2025-04-08,CHC,H,TEX,W,10,6,NA,9-5,1,up 1.5,Hodge,Martin,NA,02:43:00,N,27694,1.01,2,NA,2025
15,2025-04-09,CHC,H,TEX,L,2,6,NA,9-6,1,up 0.5,Mahle,Imanaga,NA,02:16:00,D,23590,1.06,-1,NA,2025
22,2025-04-18,CHC,H,ARI,W,13,11,NA,13-9,1,up 1.0,Pressly,Mantiply,NA,03:09:00,D,39109,1.1,1,NA,2025
23,2025-04-19,CHC,H,ARI,W,6,2,NA,14-9,1,up 2.0,Thielbar,Gallen,NA,02:35:00,D,36002,1.13,2,NA,2025
24,2025-04-20,CHC,H,ARI,L,2,3,11,14-10,1,up 1.0,Miller,Wicks,Jameson,03:15:00,D,29062,1.14,-1,NA,2025
25,2025-04-22,CHC,H,LAD,W-wo,11,10,10,15-10,1,up 1.5,Hodge,Davis,NA,03:21:00,N,36425,1.18,1,NA,2025
26,2025-04-23,CHC,H,LAD,W,7,6,NA,16-10,1,up 2.5,Boyd,Dreyer,Hodge,02:40:00,N,37150,1.19,2,NA,2025
27,2025-04-25,CHC,H,PHI,W,4,0,NA,17-10,1,up 3.5,Rea,Walker,NA,02:54:00,D,32880,1.22,3,NA,2025
28,2025-04-26,CHC,H,PHI,L,4,10,NA,17-11,1,up 2.5,Luzardo,Brown,NA,02:58:00,D,40068,1.25,-1,NA,2025
29,2025-04-27,CHC,H,PHI,L,1,3,10,17-12,1,up 1.5,Alvarado,Merryweather,Romano,02:45:00,N,35761,1.18,-2,NA,2025
36,2025-05-05,CHC,H,SFG,W,9,2,NA,22-14,1,up 4.0,Boyd,Roupp,NA,02:23:00,N,36834,1.28,1,NA,2025
37,2025-05-06,CHC,H,SFG,L,5,14,11,22-15,1,up 3.0,Miller,Pressly,NA,03:25:00,N,37303,1.27,-1,NA,2025
38,2025-05-07,CHC,H,SFG,L,1,3,NA,22-16,1,up 3.0,Ray,Brown,Walker,02:40:00,D,31889,1.26,-2,NA,2025
42,2025-05-12,CHC,H,MIA,W,5,2,NA,24-18,1,up 1.0,Rea,Quantrill,Pomeranz,02:36:00,N,32271,1.18,1,NA,2025
43,2025-05-13,CHC,H,MIA,W-wo,5,4,NA,25-18,1,up 1.5,Flexen,Tinoco,NA,02:42:00,N,38083,1.13,2,NA,2025
44,2025-05-14,CHC,H,MIA,L,1,3,NA,25-19,1,up 1.0,Weathers,Taillon,Tinoco,02:11:00,N,34167,1.19,-1,NA,2025
45,2025-05-16,CHC,H,CHW,W,13,3,NA,26-19,1,up 1.0,Horton,Smith,NA,02:52:00,D,40171,1.16,1,NA,2025
46,2025-05-17,CHC,H,CHW,W,7,3,NA,27-19,1,up 1.0,Boyd,Burke,NA,02:51:00,D,40134,1.16,2,NA,2025
47,2025-05-18,CHC,H,CHW,W,6,2,NA,28-19,1,up 2.0,Pomeranz,Cannon,NA,02:38:00,D,40152,1.22,3,NA,2025
54,2025-05-26,CHC,H,COL,W,3,1,NA,33-21,1,up 3.0,Taillon,Palmquist,Palencia,02:26:00,D,40171,1.26,2,NA,2025
55,2025-05-27,CHC,H,COL,W-wo,4,3,11,34-21,1,up 3.0,Flexen,Kinley,NA,03:00:00,N,33099,1.24,3,NA,2025
56,2025-05-28,CHC,H,COL,W,2,1,NA,35-21,1,up 3.0,Boyd,Gordon,Palencia,02:20:00,N,33748,1.27,4,NA,2025
57,2025-05-30,CHC,H,CIN,L,2,6,NA,35-22,1,up 3.0,Abbott,Rea,Pagán,02:24:00,D,36019,1.34,-1,NA,2025
58,2025-05-31,CHC,H,CIN,W,2,0,NA,36-22,1,up 3.0,Keller,Ashcraft,Palencia,02:18:00,D,39144,1.4,1,NA,2025
59,2025-06-01,CHC,H,CIN,W,7,3,NA,37-22,1,up 4.0,Taillon,Martinez,NA,02:40:00,D,40179,1.39,2,NA,2025
69,2025-06-12,CHC,H,PIT,W,3,2,NA,42-27,1,up 5.5,Taillon,Heaney,Pressly,02:07:00,N,40174,1.3,1,NA,2025
70,2025-06-13,CHC,H,PIT,L,1,2,10,42-28,1,up 4.5,Santana,Pomeranz,Bednar,02:51:00,D,39457,1.28,-1,NA,2025
71,2025-06-14,CHC,H,PIT,W,2,1,NA,43-28,1,up 5.5,Boyd,Borucki,Palencia,02:10:00,D,39554,1.33,1,NA,2025
72,2025-06-15,CHC,H,PIT,W-wo,3,2,10,44-28,1,up 5.5,Flexen,Bednar,NA,02:31:00,D,40162,1.33,2,NA,2025
73,2025-06-17,CHC,H,MIL,W,5,3,NA,45-28,1,up 6.5,Brown,Patrick,Palencia,02:26:00,N,38687,1.45,3,NA,2025
74,2025-06-19,CHC,H,MIL,L,7,8,NA,45-29,1,up 5.5,Peralta,Taillon,Megill,02:50:00,D,41078,1.41,-1,NA,2025
75,2025-06-20,CHC,H,SEA,L,4,9,NA,45-30,1,up 4.5,Bazardo,Thielbar,NA,02:52:00,D,40787,1.29,-2,NA,2025
76,2025-06-21,CHC,H,SEA,W,10,7,NA,46-30,1,up 4.5,Keller,Hancock,NA,03:09:00,D,39047,1.36,1,NA,2025
77,2025-06-22,CHC,H,SEA,L,6,14,NA,46-31,1,up 3.5,Gilbert,Rea,NA,02:55:00,D,36185,1.31,-1,NA,2025
85,2025-07-01,CHC,H,CLE,W,5,2,NA,50-35,1,up 2.5,Boyd,Williams,Palencia,02:26:00,N,38257,1.36,1,NA,2025
86,2025-07-02,CHC,H,CLE,W,5,4,NA,51-35,1,up 3.0,Imanaga,Bibee,Palencia,02:57:00,N,35250,1.39,2,NA,2025
87,2025-07-03,CHC,H,CLE,W-wo,1,0,10,52-35,1,up 4.0,Flexen,Clase,NA,02:44:00,N,38450,1.36,3,NA,2025
88,2025-07-04,CHC,H,STL,W,11,3,NA,53-35,1,up 4.0,Rea,Mikolas,NA,02:23:00,D,40038,1.53,4,NA,2025
89,2025-07-05,CHC,H,STL,L,6,8,NA,53-36,1,up 4.0,Matz,Keller,Helsley,02:52:00,D,40119,1.5,-1,NA,2025
90,2025-07-06,CHC,H,STL,W,11,0,NA,54-36,1,up 4.0,Boyd,Fedde,NA,03:10:00,N,40319,1.56,1,NA,2025
97,2025-07-18,CHC,H,BOS,W,4,1,NA,58-39,1,up 1.0,Rea,Giolito,Palencia,02:35:00,D,41011,1.35,3,NA,2025
98,2025-07-19,CHC,H,BOS,W,6,0,NA,59-39,1,up 1.0,Imanaga,Bello,NA,02:27:00,N,40703,1.31,4,NA,2025
99,2025-07-20,CHC,H,BOS,L,1,6,NA,59-40,1,Tied,Crochet,Pressly,NA,02:37:00,D,40433,1.23,-1,NA,2025
100,2025-07-21,CHC,H,KCR,L,4,12,NA,59-41,2,1.0,Cameron,Brown,NA,02:35:00,N,38117,1.2,-2,NA,2025
101,2025-07-22,CHC,H,KCR,W,6,0,NA,60-41,1,Tied,Boyd,Hill,NA,02:28:00,N,40092,1.3,1,NA,2025
102,2025-07-23,CHC,H,KCR,L,4,8,NA,60-42,2,1.0,Lugo,Rea,NA,02:30:00,D,38624,1.3,-1,NA,2025
109,2025-08-01,CHC,H,BAL,W,1,0,NA,64-45,2,1.0,Horton,Rogers,Palencia,01:49:00,D,40520,1.29,2,NA,2025
110,2025-08-02,CHC,H,BAL,L,3,4,NA,64-46,2,2.0,Wolfram,Thielbar,Akin,02:47:00,D,40781,1.33,-1,NA,2025
111,2025-08-03,CHC,H,BAL,W-wo,5,3,NA,65-46,2,2.0,Palencia,Akin,NA,02:50:00,D,39430,1.24,1,NA,2025
112,2025-08-04,CHC,H,CIN,L,2,3,NA,65-47,2,3.0,Barlow,Brasier,Pagán,02:33:00,N,37937,1.25,-1,NA,2025
113,2025-08-05,CHC,H,CIN,L,1,5,NA,65-48,2,4.0,Littell,Kittredge,NA,02:36:00,N,39797,1.27,-2,NA,2025
114,2025-08-06,CHC,H,CIN,W,6,1,NA,66-48,2,4.0,Horton,Abbott,NA,02:18:00,D,37648,1.34,1,NA,2025
121,2025-08-15,CHC,H,PIT,L,2,3,NA,68-53,2,9.0,Santana,Palencia,NA,02:29:00,D,40044,0.85,-2,NA,2025
122,2025-08-16,CHC,H,PIT,W,3,1,NA,69-53,2,9.0,Kittredge,Sisk,Keller,02:15:00,D,40062,0.74,1,NA,2025
123,2025-08-17,CHC,H,PIT,W,4,3,NA,70-53,2,8.0,Thielbar,Mattson,Kittredge,02:41:00,D,38012,0.66,2,NA,2025
124,2025-08-18,CHC,H,MIL,L,0,7,NA,70-54,2,9.0,Peralta,Horton,NA,02:38:00,D,38971,0.9,-1,NA,2025
125,NA,CHC,H,MIL,W,6,4,NA,71-54,2,7.0,Boyd,Patrick,Palencia,02:33:00,D,33103,0.79,1,NA,2025
126,NA,CHC,H,MIL,W,4,1,NA,72-54,2,7.0,Taillon,Woodruff,Kittredge,02:33:00,N,34540,0.82,2,NA,2025
127,2025-08-20,CHC,H,MIL,W,4,3,NA,73-54,2,6.0,Rea,Misiorowski,Palencia,02:29:00,N,36327,0.75,3,NA,2025
128,2025-08-21,CHC,H,MIL,L,1,4,NA,73-55,2,7.0,Mears,Imanaga,Megill,02:51:00,D,37850,1.11,-1,NA,2025
138,2025-09-01,CHC,H,ATL,W-wo,7,6,10,79-59,2,5.5,Kittredge,Brebbia,NA,03:10:00,D,39673,0.64,1,NA,2025
139,2025-09-02,CHC,H,ATL,W,4,3,NA,80-59,2,5.0,Imanaga,Wentz,Palencia,02:33:00,N,32618,0.72,2,NA,2025
140,2025-09-03,CHC,H,ATL,L,1,5,NA,80-60,2,6.0,Elder,Brown,NA,02:25:00,N,31933,0.77,-1,NA,2025
141,2025-09-05,CHC,H,WSN,W,11,5,NA,81-60,2,5.5,Assad,Irvin,NA,02:40:00,D,32320,0.65,1,NA,2025
142,2025-09-06,CHC,H,WSN,L,1,2,NA,81-61,2,6.5,Lord,Boyd,Henry,02:23:00,D,38011,0.6,-1,NA,2025
143,2025-09-07,CHC,H,WSN,L,3,6,NA,81-62,2,7.5,Thompson,Palencia,Ferrer,02:30:00,D,33343,0.44,-2,NA,2025
147,2025-09-12,CHC,H,TBR,W,6,4,NA,84-63,2,5.5,Boyd,Baz,Kittredge,02:47:00,D,38794,0.5,3,NA,2025
148,2025-09-13,CHC,H,TBR,L,4,5,NA,84-64,2,6.5,Baker,Keller,Fairbanks,02:37:00,D,39712,0.38,-1,NA,2025
149,2025-09-14,CHC,H,TBR,W,4,3,NA,85-64,2,5.5,Assad,Uceta,Kittredge,02:38:00,D,37186,0.29,1,NA,2025
157,2025-09-23,CHC,H,NYM,L,7,9,NA,88-69,2,6.5,Raley,Thielbar,Díaz,02:57:00,N,35729,0.23,-5,NA,2025
158,2025-09-24,CHC,H,NYM,W,10,3,NA,89-69,2,6.5,Boyd,Tong,Civale,02:41:00,N,35060,0.4,1,NA,2025
159,2025-09-25,CHC,H,NYM,L,5,8,NA,89-70,2,7.0,McLean,Imanaga,Díaz,02:40:00,N,38465,0.28,-1,NA,2025
160,2025-09-26,CHC,H,STL,W,12,1,NA,90-70,2,6.0,Rea,Mikolas,NA,02:39:00,D,35611,0.34,1,NA,2025
161,2025-09-27,CHC,H,STL,W,7,3,NA,91-70,2,5.0,Taillon,McGreevy,NA,02:36:00,D,38035,0.29,2,NA,2025
162,2025-09-28,CHC,H,STL,W,2,0,NA,92-70,2,5.0,Assad,King,Wicks,02:02:00,D,37497,0.02,3,NA,2025
